cluster_id,topk_rank,cid,cluster_prob,text
Pro-Energy_14,1,512204047818848,1.0,"In this episode of American Potential, Jeff Crank speaks with Kent Kaiser, a representative of the Domestic Policy Caucus and founder of NoFuelBan.com, about Minnesota’s controversial push for clean fuel standards and the far-reaching consequences it could have on everyday Americans. From skyrocketing fuel prices to devastating rural economies, Kent exposes the harmful impacts of government overreach in Minnesota and other states considering similar policies. Hear how a broad coalition of stakeholders—from truckers to corn growers—rallied to fight back against legislation that would force families and small businesses to pay more for fuel and vehicles while delivering negligible environmental benefits. This is a fight for freedom of choice and economic survival, as Kent and Jeff discuss the arrogance of policymakers who fail to understand the realities faced by everyday Americans. If you’re tired of government elites imposing costly, impractical policies on hardworking citizens, this episode will arm you with the knowledge and inspiration to stand up for liberty and common sense."
Pro-Energy_14,2,686522537654029,1.0,"In this episode of Main Street Matters, Elaine Parker and Karen Harned discuss the impact of deregulation on small businesses, particularly during the Trump administration. They explore the burdens of regulations, the implications of the Chevron case, the student loan crisis, and the effects of new regulations under the Biden administration. The conversation highlights the role of the regulatory state and its influence on small businesses, emphasizing the need for transparency and accountability in regulatory processes. Chapters 00:00 Introduction to Deregulation and Its Impact 02:51 The Trump Administration's Deregulatory Agenda 06:11 Understanding Regulatory Burdens on Small Biz 09:02 The Chevron Case and Its Implications 11:54 The Student Loan Crisis 15:01 The Impact of New Regulations Under Biden 17:49 The Role of DOGE 21:06 The Regulatory State as the Fourth Branch of Government #deregulation #smallbusiness #Trump #regulations #ChevronCase #studentloans #Biden #regulatorystate #economicimpact LIKE, SHARE, SUBSCRIBE | https://www.youtube.com/@JobCreatorsNetwork"
Pro-Energy_14,3,1092324926013640,1.0,"In this episode of American Potential, host David From sits down with Congressman August Pfluger—Chairman of the Republican Study Committee, decorated Air Force veteran, and proud seventh-generation Texan—for an in-depth conversation on the path forward for America's economy, energy independence, and national security. Congressman Pfluger discusses why predictability in the tax code is essential for families, entrepreneurs, and innovators alike. As the 2017 Tax Cuts and Jobs Act faces expiration, Pfluger makes the case for why extending—and ideally making permanent—those provisions is not just a matter of policy, but a critical step to preserve America's competitive edge and avoid economic backsliding. He also shares how the Republican Study Committee, now the largest conservative caucus in Congress with 189 members, is working to restore fiscal discipline, protect family-owned farms from devastating inheritance taxes, and ensure American businesses have the confidence to invest and grow. The conversation dives into the real-world impact of smart tax policy, using examples like a small business in rural Ohio that was able to give employees a 40% raise thanks to the Trump tax cuts.  …"
Pro-Energy_14,4,1141076797630158,1.0,"In this impactful episode of American Potential, guest host Aaron Flint welcomes Matt Keenan, Federal Affairs Liaison for Americans for Prosperity, to tackle some of the most pressing issues facing America’s energy sector today. They delve into the Biden administration’s controversial decisions, including the cancellation of the Keystone XL Pipeline and the push for restrictive energy regulations that are driving up costs for families, killing jobs, and threatening America’s energy independence. Matt breaks down how these policies disproportionately harm rural communities and leave the country vulnerable to foreign energy reliance, all while adding red tape that stifles innovation and economic growth. The conversation highlights the critical role of the REINS Act—a proposed reform that would bring accountability back to federal agencies by requiring Congressional approval for major regulations. This episode isn’t just about identifying the problems—it’s about empowering Americans with actionable solutions. Tune in to learn how grassroots efforts can drive real policy change and secure a more prosperous future for all. Whether you're passionate about energy, economic opportunity, or …"
Pro-Energy_14,5,515490457639498,1.0,"In this episode of American Potential, host Jeff Crank talks with Matt Curran, grassroots program manager for education and training at Americans for Prosperity, about the upcoming 2027 regulations for light-duty and medium-duty vehicles. Curran discusses the significant impact these regulations will have on both the automotive industry and everyday consumers. With rising concerns over inflation and economic uncertainty, Curran breaks down how these changes will influence the cost of vehicles, fuel efficiency standards, and the broader implications for American families. As the federal government continues to push forward with these new regulations, Curran highlights the importance of staying informed and involved in the legislative process. This episode provides critical insights into how these regulations could reshape the automotive landscape and what it means for you. Tune in to understand the challenges ahead and how we can work together to ensure that American innovation and consumer choice remain at the forefront."
Pro-Energy_19,1,1884807392288660,1.0,"China is racing ahead on infrastructure. Are we keeping up? Investing in high-class transmission means energy security, economic growth, and American dominance in the 21st century. Join us to help keep America on top."
Pro-Energy_19,2,bafyreiccaonc5or5kgyvcmgfdaoalkahcn6bbimqqq6nkvdogvvkjyqaqq,1.0,"There are two divergent energy paths— one leading to the future, the other to the past. China’s electricity demand is up five per cent, which it absorbed with added solar and wind capacity. In the US, regime policy is to freeze out renewables and rely on coal."
Pro-Energy_19,3,bafyreibv4qe43svx6szxxwafoxzjavbd35egdy2kflbns6ydkxjtq76yey,1.0,"Jeffrey Sachs: “Basically, the Trump administration is a gift to China, with Trump’s policies saying to China, “China should lead the way on climate safety, low-carbon energy, electric vehicles and all of the green and digital technologies that the world needs, while the US will ignore the future."""
Pro-Energy_19,4,bafyreibgd75m35sbyg5xz6s47tykesppywmkvopolkpyxkfyqx7xsv3iv4,1.0,"China is drilling and counting the days: Bye-bye, US dominance. The US fall will be spectacular."
Pro-Energy_19,5,bafyreie63yebqxxnygkgemq6q4d6767vnbkostug2ntiiehwrqfj4fwerm,1.0,The USA is heading backwards in green energy while China seems to be heading in right direction.
Pro-Energy_24,1,1364843038130391,1.0,"Renewable energy projects help fund schools, roads, and EMS --without raising taxes. Sign our letter to support lower property taxes."
Pro-Energy_24,2,546034841861446,1.0,"#RenewableEnergy projects pay $44 million annually in property, state, and local taxes to over 2/3rds of Minnesota’s counties, supporting local infrastructure and keeping a lid on property taxes. Learn more at https://myrenewableresource.org/"
Pro-Energy_24,3,1777787769793645,1.0,"""Economic development, benefits, property taxes, jobs. It can be a real spur for mostly rural communities to see tremendous economic development."" According to the article, clean energy projects have already invested $9 billion in Indiana for and have paid nearly $27 million in local and state taxes. The industry has also employed about 12,000 workers."
Pro-Energy_24,4,1120292983441356,1.0,"Wind energy projects like Prairie Wolf Wind will pay millions in taxes to our county fund schools, roads and emergency services."
Pro-Energy_24,5,621447447265755,1.0,"Hoosier communities are benefiting from unleashing America’s energy dominance: “So that tax revenue’s coming in, and it’s helping everyone in the community: the local townships, the fire and safety, the libraries, the schools, and the local units.” - Steve B., White County, IN Commissioner"
Pro-Energy_30,1,629658732848549,1.0,"What a story! Education and Industry working together in Carlsbad High School's Energy Pathway curriculum, to build tomorrow's oil and gas workforce in New Mexico! We're so proud of teachers like Hannah VanScotter and her industry partners as they prepare students for the amazing opportunities ahead in New Mexico's oil and gas industry. - - #nmoga #education #STEM #AmericanEnergy #NewMexico #permianbasin"
Pro-Energy_30,2,2081014502718102,1.0,"Colorado’s students and teachers are getting a major boost from oil and gas leasing revenue. In FY 2024 alone, $182 million went directly to support local schools, educators, and classrooms across the state—helping fund the future of our communities. When energy works, education wins. 🔎 Learn how energy supports Colorado"
Pro-Energy_30,3,1139764584762812,1.0,"Gas and oil are essential industries for Ohioans, and understanding how natural energy works in our daily lives can help young people connect with important resources and career opportunities."
Pro-Energy_30,4,1436957644241297,1.0,"$4.8 billion for our schools, roads, and communities. Oil and gas — working for North Dakota."
Pro-Energy_30,5,793763143099610,1.0,North Dakota oil and gas: Funding our classrooms. Powering opportunities for every student.
Pro-Energy_31,1,28187496754229319,1.0,The fossil fuel industry pumped tens of millions of dollars into Trump’s successful reelection bid — and it could begin seeing a return on its investment on his very first day in office.
Pro-Energy_31,2,934230011963878,1.0,"⚡Flash Match ⚡ For a limited time only, every dollar you give goes twice as far. Double your impact to stop Trump’s fossil fuel plans."
Pro-Energy_31,3,7880701478653531,1.0,❗URGENT❗Extremist MAGA Trump allies in Congress are trying to push their dirty fossil fuel agenda with massive giveaways to the oil and gas industry—AGAIN! We've stopped them before and we MUST stop them now. Act now >>
Pro-Energy_31,4,1463261394374548,1.0,"During this week’s presidential debate in Philadelphia, the former president reiterated his support for fossil fuels and skepticism about renewables and launched a scathing attack on Harris’s energy policies. As one industry leader put it, “There is a very good chance that he’ll try to just kill the industry and try to shut things down and maybe even revoke permits.”"
Pro-Energy_31,5,bafyreiaznmzsqr42jizqonbmsf3hbyhjbsi3ngndqyaivl3jpvaiq7ooa4,1.0,"HOW OBVIOUS IS IT that he's made a deal with the devils' that are the Fossil Fuel industry?? Which, BTW is profiteering, corruption, abuse of authority, and violations against campaign laws!!"
Pro-Energy_33,1,1100196598394955,1.0,"Follower spotlight 🌟 Kay Y. stands with farmers who lease land for wind and solar to give them a dependable income that stabilizes the natural ups and downs of agriculture. Thanks for supporting property rights and long-term predictability for farming families, Kay!"
Pro-Energy_33,2,700033473062553,1.0,"Farmers, like Frank, want to keep the farm in the family. They’re turning to energy solutions like solar. It’s abundant and truly renewable! Let’s support solar and energy policies that bring down costs for all.,Farmers, like Frank, want to keep the farm in the family. They’re turning to energy solutions like solar. It’s abundant and truly renewable! Let’s support solar and energy policies that bring down costs for all.,Farmers, like Frank, want to keep the farm in the family. They’re turning to energy solutions like solar. It’s abundant and truly renewable! Let’s support solar and energy policies that bring down costs for all.,Farmers, like Frank, want to keep the farm in the family. They’re turning to energy solutions like solar. It’s abundant and truly renewable! Let’s support solar and energy policies that bring down costs for all."
Pro-Energy_33,3,741892058480253,1.0,"Charlie Chapman knows that for many farmers, renewable energy is about providing for their families and strengthening their communities. See why Charlie supports farmers who wish to host wind and solar energy: “Many farmers who have signed on to these leases have done their homework on the issue and are educated on the benefits and the overall opportunity costs. They have decided that this is what is best for them and their families, and I support their decision. Personally, I see this Renewable Energy project as Economic Development; it's a once-in-a-lifetime opportunity for counties like ours. It could bring millions of dollars into our local business and especially to our school, which could really use the money right now.” -Charlie Chapman, Indiana Landowner."
Pro-Energy_33,4,773118568388246,1.0,"Landowners should decide how their land is used, no one else. Leasing land for renewable energy provides steady income while preserving farmland and supporting our agricultural heritage. Sign the petition to stand up for land rights and local farmers."
Pro-Energy_33,5,604231235615365,1.0,"It’s not uncommon to wonder about the impact of solar energy development on farmland preservation. 🌾 Luckily, the U.S. Department of Agriculture and U.S. Department of Energy have teamed up to set the record straight. According to the FAQ from the USDA and DOE, estimates for renewables’ 2035 land requirements are on par with the amount of land already used for coal mining. Plus, it’s less than the acreage used today for railroads or ethanol production. Learn more facts about farmland and solar: bit.ly/3EqAdhs"
Pro-Energy_34,1,1380100173234851,1.0,“Continuing to support an ‘all-of-the-above’ approach to energy that includes clean and renewable energy resources is critical to strengthening our economy while reducing America’s reliance on foreign sources of energy.”
Pro-Energy_34,2,1184195909701712,1.0,"“Strengthening our domestic energy supply chain is crucial to usher in a new era American energy dominance. Clean energy is answering the call.” Unleashing American energy dominance from the wind and sun lets the industry create new opportunities for the workforce. Over the last two years, the United States has gained more than 100,000 clean power manufacturing jobs and counting."
Pro-Energy_34,3,2283828531981757,1.0,"We’re a nation of trailblazers, and clean power provides America with an opportunity to continue our tremendous leadership in the energy sector and beyond – while powering our communities with electricity and economic investment alike."
Pro-Energy_34,4,761154019852866,1.0,"Let's put politics aside and focus on what America needs to power today and tomorrow. More infrastructure, more energy."
Pro-Energy_34,5,1308697043690141,1.0,"From classrooms to innovation labs, energy fuels the tools that build tomorrow. Support American energy today!"
Pro-Energy_35,1,1055101166505415,1.0,"Nuclear is the power source of the future ... and it has been for about 50 years. Could this time be different? In 1967, America expected to operate 1,000 nuclear power plants by the year 2000. But today, the actual number is just 54. What happened? For decades, nuclear energy was subject to (usually incorrect) fears about its safety. Lately, however, those fears are fading. Support for nuclear is nearing an all-time high. And there are understandable reasons for that. A single uranium pellet generates as much energy as 120 gallons of oil or a ton of coal. And we’re going to need a lot of power. The U.S. Department of Energy estimates that the world will use as much as 75% more electricity by the year 2050, partially because of the demands of energy-intensive technologies like AI. That’s why many tech companies are now leading the charge to develop new nuclear resources. It’s also the case that nuclear is the most viable technology to both provide abundant energy and reduce carbon emissions. In fact, in places like Japan and New York the closure of nuclear plants — despite being touted as an environmental victory — has actually led to *increased* carbon emissions. And because nucle …"
Pro-Energy_35,2,1025139466136327,1.0,"While your business grows, so does demand for energy – but nuclear power is ready to meet that demand. Nuclear energy has the ability to deliver clean, consistent, scalable power, making it the key to powering the future and staying ahead in a competitive market."
Pro-Energy_35,3,1083855033842838,1.0,"Clean, reliable, affordable. Nuclear energy is powering NY’s future today.,Clean, reliable, affordable. Nuclear energy is powering NY’s future today.,Clean, reliable, affordable. Nuclear energy is powering NY’s future today."
Pro-Energy_35,4,2046494289092748,1.0,"""Nuclear power is now the safest, most reliable form of electricity."" Meet Sarah Lemonick, Former Navy Nuclear Surface Warfare Officer who is now spreading the word about the benefits of nuclear energy."
Pro-Energy_35,5,731635892737204,1.0,"Opinion: Important moment for American nuclear energy history REP. ROD FURNISS and SEN. DAVE LENT | Guest columnists @[100047851346623:2048:Post Register] Jun 7, 2025 Last Friday marked a defining moment in American nuclear energy history, with President Trump’s signing a series of comprehensive executive orders. These orders set the stage for a new era in nuclear energy, uniquely positioning Idaho National Laboratory to lead this transformation. What sets this moment apart? Everything — the scale, urgency and unprecedented alignment of policy with market forces. Unprecedented growth in the demand for clean electrical energy, private sector investment in nuclear technologies, critical national security needs, a federal commitment to removing regulatory barriers and a clearer understanding of the relative risks associated with radiation exposure have created a perfect storm of opportunity. Idaho has a long history with nuclear energy research. This legacy in nuclear power innovation has positioned the state and our communities to lead the world in achieving energy independence. INL is already working alongside industry and other leaders to produce and support the energy technologies …"
Pro-Energy_36,1,1092625742345147,1.0,"Lithium battery EVs step aside? He who masters hydrogen energy rules the world! Did you know the U.S. is building its second Hydrogen Valley? The Russia-Ukraine issue shows no signs of ending anytime soon, which has highlighted the global energy shortage problem. Countries are actively seeking new clean energy sources. Besides the familiar solar, wind, hydro, and geothermal energy, a new contender has emerged: hydrogen energy. Hydrogen energy is hailed as the “ultimate clean energy” and is indispensable for achieving net-zero emissions by 2050. According to research by Fuji Keizai, the global hydrogen fuel cell market size is expected to reach $52 billion by 2027, with an estimated annual growth rate of 31.4% from 2020 to 2027. This indicates that hydrogen energy and fuel cells will be critical investment opportunities, and stocks of related companies will see explosive growth! According to the International Energy Agency’s 2025 Net Zero Carbon Emissions Report, achieving net-zero carbon emissions by 2050 will require global hydrogen demand to reach 530 million tons. Currently, 17 countries have proposed comprehensive strategies for hydrogen energy development. The U.S. 2050 Net Ze …"
Pro-Energy_36,2,9444638865658446,1.0,"How can we produce sufficient energy while lowering greenhouse gas emissions? CAS Insights delve into part of the solution: nanotechnology and nanomaterials. Explore how nanomaterials can improve the efficiency of energy use, production, storage, and transmission."
Pro-Energy_36,3,852999733700671,1.0,"ExxonMobil has extensive expertise with hydrogen, is a world leader in CCS and is developing technologies that have the potential to be commercially viable with supportive policies. Discover how hydrogen produced from natural gas with carbon capture and storage could play a vital role in a lower emission future. ↓"
Pro-Energy_36,4,746512344579184,1.0,"BREAKING: We're about to impact the Hydrogen production market! Watch our recent event to find out how we'll do it and be a part of the revolution! If you care about green energy, this event is for you."
Pro-Energy_36,5,500902339706487,1.0,Discover how cutting-edge electronic component technology is driving the global hydrogen industry's growth and making green energy a reality.
Pro-Energy_38,1,1695111494716459,1.0,"Congratulations, MidAmerican Energy, you're number one! Your Iowa coal plants are part of the dirtiest coal fleet in the country. Take a bow!"
Pro-Energy_38,2,1325112719232284,1.0,"""Few states have embraced wind power the way Iowa has. The Republican stronghold gets more of its electricity from wind than any other state. More than 50 companies are part of its wind industry, which has drawn $22 billion in total investments in the past three decades. Despite Trump’s and Wright’s claims that wind power makes electricity more expensive and unreliable, Iowa’s power costs are among the lowest in the nation, and its grid is among the most stable."""
Pro-Energy_38,3,1957958115061463,1.0,"Fun fact: Iowa is #1 in the country for wind energy generation per capita. That means clean energy is powering our homes AND attracting new businesses that want reliable, affordable electricity. Renewable energy = economic growth + Iowa pride."
Pro-Energy_38,4,957156189812223,1.0,We're so excited to see Nordex reopen their West Branch factory. Building the next generation of American energy independence starts right here in Iowa. Components from this facility will power Iowa and surrounding states for decades.
Pro-Energy_38,5,1347263176590680,1.0,"Seven of the top ten renewable energy states (including Iowa) are red, based on the share of solar and wind on their grids. Wind and solar are now often cheaper to deploy than coal, gas, or oil, and cheaper generation means cheaper energy. Fewer coal- and gas-burning power plants also means healthier air, which can cut health costs by reducing asthma and cancer, especially in populations that live close to power plants."
Pro-Energy_39,1,1223373639407391,1.0,"74 Oklahoma legislators signed our letter to Oklahoma congressional members backing natural gas, supporting taxpayers and denouncing tax credits for weather-dependent energy sources. We'd like to send a special THANK YOU to Senate Energy Committee Chair Grant Green and House Energy and Natural Resources Oversight Committee Chair Brad Boles. These two continue to stand with Oklahoma's oil and gas industry — thank you for leading by example and joining The Petroleum Alliance in calling for an end to federal subsidies for renewable energy. 🤝"
Pro-Energy_39,2,2549678632030677,1.0,The Alliance and 74 lawmakers are urging Oklahoma’s congressional delegation to END the federal wind and solar subsidies. 🚫 Enough is enough. We won’t stand by while taxpayer dollars are handed to industries that can’t stand on their own. This is a fight for fairness and Oklahoma’s economic future. Read the full letter in the NEWS section on our site.
Pro-Energy_39,3,1966662264087111,1.0,Just in case you forgot — the oil & natural gas industry fuels Oklahoma's economy. 💪 Source: @theaxpc
Pro-Energy_39,4,1336437147878982,1.0,"The oil and natural gas industry makes Oklahoma better. Period! 💪 Last week, an Oklahoma Senate interim study spotlighted the far-reaching positive impact of the @[100063804730748:2048:OERB - Oklahoma Energy Resources Board], showcasing our industry's contributions to education and environmental restoration. Since its creation, OERB has reached 2.5 million students through energy-related educational programs and has invested more than $65 million in Oklahoma classrooms. They have also trained 19,000+ teachers! To date, OERB has also invested $174 million in land restoration efforts and reclaimed more than 21,000 sites statewide. 👏"
Pro-Energy_39,5,1470449653998976,1.0,Advocacy. Networking. Growth. Check the scoreboard — Alliance members are winning big. 👀 Learn more about becoming a Petroleum Alliance member today! [link in bio]
Pro-Energy_41,1,1082488773834113,1.0,"🇺🇸 American energy powers American independence. Including energy from the Indiana sun in our diverse energy mix doesn't just make our grid more flexible – it also supports our farmers with consistent, drought-proof income that doesn’t depend on the fluctuating costs of seed, fertilizer, and other inputs."
Pro-Energy_41,2,722006747276048,1.0,"We believe in the power of the wind to drive America towards energy independence. By investing in renewable energy sources, we're not only reducing our reliance on foreign energy but also creating hundreds of jobs and boosting the local economy. Join us in supporting a sustainable, energy-independent America. Have questions or comments? Send us a message or visit our website at UplandsWind.com. #PatternEnergy #UplandsWind #WindEnergy #EnergyIndependence #AmericanEnergy"
Pro-Energy_41,3,24429461690013120,1.0,"American-made renewable energy keeps both money and power here in the US, strengthening our energy independence. 🔋⚡ Learn more at https://myrenewableresource.org/"
Pro-Energy_41,4,1445829319929104,1.0,"Renewable Energy = Energy Independence True energy independence means not being at the mercy of volatile global oil markets or finite fossil fuels. By generating power from the wind & the sun, we reduce our vulnerability to foreign supply disruptions."
Pro-Energy_41,5,999222258745382,1.0,"All energy sources serve an important role, but unleashing American energy from the wind and sun protects people and planet. On this World Environment Day and every day, we choose Earth and all who call it home. #WorldEnvironmentDay"
Pro-Energy_42,1,655820294010608,1.0,"Offshore wind is a proven solution to slash pollution, create good-paying union jobs, and secure New York’s energy independence. So why is the Department of the Interior speeding up oil and gas environmental reviews—while canceling offshore wind projects already under construction? We can’t afford to go backward. We need bold, consistent action—not mixed signals that put our energy future at risk. Tell the Trump Administration: Stop undermining energy solutions and union jobs. Start accelerating solutions. https://actions.nylcv.org/a/empire-wind"
Pro-Energy_42,2,1000758665069383,1.0,"The future of U.S. offshore wind looks bright! With new federal leases and active state initiatives, there's strong optimism and major investment in renewable energy. https://brightenreport.org/offshore-wind/us-offshore-wind-sector-shows-surprisingly-positive-outlook/"
Pro-Energy_42,3,1041938090899828,1.0,"Hampton Roads is the new industry hub for offshore wind! As the #CVOW project progresses, we're excited about the opportunities it continues to bring to local residents and businesses. 🎥WATCH to see how #OffshoreWind is shaping Virginia's future: https://virginiaosw.org/the-future-of-energy/?utm_source=facebook&utm_medium=social&utm_campaign=social_facebook_social_20240723__no_1_"
Pro-Energy_42,4,2522519594587609,1.0,"As offshore wind projects ramp up in the Northeast, misinformation is at an all-tine high thanks to the gas industry."
Pro-Energy_42,5,1635124544040500,1.0,Officials in Virginia’s burgeoning wind industry are confident that the wind industry will prevail.
Pro-Energy_44,1,557495920389744,1.0,"The oil & gas industry just helped unlock enough energy to power America for 30,000 years... using a breakthrough new drilling technique. Energy Secretary (and former oilman) Chris Wright calls it an ""awesome resource."" And the government has already begun selling thousands of acres of public land to develop it. Here's the name of the company at the heart of it all."
Pro-Energy_44,2,701065689586290,1.0,"Our energy security is about more than oil and gas production — the U.S. refining industry plays a vital role. The U.S. has the largest, most complex refining system in the world, helping to ensure our energy needs and our economy aren’t vulnerable to global disruptions. Susan, AFPM’s chief industry analyst, explains:"
Pro-Energy_44,3,1439640804078347,1.0,America’s oil and natural gas industry fuels our economy and strengthens national security.
Pro-Energy_44,4,2085333748597892,1.0,"Our modern world runs on oil and natural gas, and the next generation of innovators will keep it moving forward. The future of our industry begins here."
Pro-Energy_44,5,1702539123836514,1.0,America's natural gas and oil industry has delivered millions of jobs for Americans. Let's keep the momentum.
Pro-Energy_48,1,1559236468137279,1.0,"Gas companies will pretend their industry is ""safe"" at our expense, just to keep making money..."
Pro-Energy_48,2,9085248621509548,1.0,The Oil and Gas Industry has spent $3 billion lobbying politicians to protect their record profits while you pay the price - now they want to hide climate risks from you when you're investing. Don't let Big Oil and Gas companies decide how you invest your money.
Pro-Energy_48,3,1501398963839729,1.0,Thoughts and prayers to the oil and gas industry as we work to defund them. 🙏
Pro-Energy_48,4,1222538082127605,1.0,"Top insurers, from AIG to Liberty Mutual to Chubb, together rake in billions of dollars annually by underwriting the global buildout of oil and gas pipelines, only to pose the growing risks and skyrocketing costs of insuring homes across wide swaths of the U.S. as a “crisis.”"
Pro-Energy_48,5,bafyreiev6ui5ha7coujs2jng6kzdhdv5lsoqg7ngs26sdofi7l5ylv2obi,1.0,Fuck the oil and gas industry to hell
Pro-Energy_5,1,1263453158273640,1.0,"South Dakotans have spoken definitively on forcing taxpayers to fund Green New Deal projects like CO2 pipelines. They have fought tirelessly to protect their private property rights. And they have voted to reject any law that would undermine local control. Despite all of that, Congressman Dusty Johnson recently introduced a bill that contradicts all that we hold dear. Contact Dusty today, and urge him to pull HR4135. Because in South Dakota, we may be open for business, but we are not for sale.,South Dakotans have spoken definitively on forcing taxpayers to fund Green New Deal projects like CO2 pipelines. They have fought tirelessly to protect their private property rights. And they have voted to reject any law that would undermine local control. Despite all of that, Congressman Dusty Johnson recently introduced a bill that contradicts all that we hold dear. Contact Dusty today, and urge him to pull HR4135. Because in South Dakota, we may be open for business, but we are not for sale."
Pro-Energy_5,2,1065665695727095,1.0,"Contrary to what Congressman Dusty Johnson says, it's not ""Fake News"" to have questions about a bill. It's not ""attention seeking"" to vocalize concerns about the impacts HR4135 will have for landowners. And it's not a ""Lie"" to read a document where we can plainly and clearly see that CO2 pipelines, are, in fact, referenced on the dashboard Dusty is encouraging the use of through this bill. South Dakota has spoken clearly and definitively on Green New Deal Carbon Pipeline Scams. URGENT: If you're a farmer and rancher who cares about preserving your land, legacy, and God-given private property rights, contact Dusty's office today or catch him at @[100064697499172:2048:The Brown County Fair], @[100063638440703:2048:Dakotafest], or @[100069290243074:2048:South Dakota State Fair] and tell him to withdraw HR4135 today."
Pro-Energy_5,3,640358328998415,1.0,"Property rights are under attack again! A House Energy and Commerce proposal for the budget reconciliation bill would override state laws that protect landowners’ private property rights from being taken by Green New Deal carbon sequestration pipeline companies. The proposal blocks any state or local law that requires approval for a carbon pipeline’s location. Congressman Dusty Johnson, do the right thing: Kill this proposal, and then repeal the 45Q tax credit that’s funding this scam with our tax dollars. Call Dusty Johnson's DC Office at 202.225.2801 and demand it. #DustyJohnson #southdakota #propertyrights"
Pro-Energy_5,4,883656617278140,1.0,"Join us for a Property Rights Victory Celebration on June 13 in Aberdeen, South Dakota! South Dakota farmers, ranchers, and land owners have led the way in securing our private property rights and protecting the people from an out-of-state, foreign-backed Green New Deal carbon sequestration boondoggle. While the fight continues, we have many hard-earned victories to celebrate, including: - Defeating RL21 (SB201), the fake ""landowner bill of rights"" with 59% of the vote in 65 of 66 counties - Voting out 13 legislators who sold out to the carbon pipeline scam - Securing the SD Senate & House leadership with legislators who stand strong with landowners - Locking in private property rights advocate Jim @[61568956150056:2048:Eschenbaum] to lead the SD GOP - Passing HB1052 to eliminate eminent domain for C02 pipelines And the grassroots South Dakota landowner movement grows with each passing day and is just getting started... Our Property Rights Victory Celebration is open to all, including our friends in the fight in Iowa and North Dakota. Featured speakers will include Senator @[61558098662562:2048:Mark Lapka], Speaker Pro Tem Karla Lems, Senator Joy Hohn, Jared Bossly, Amanda Radke, J …"
Pro-Energy_5,5,3736615296601094,1.0,"A foreign-tied corporation is using your tax dollars to take your neighbor’s family property to install a dangerous pipeline in service of the socialist Green New Deal agenda! And South Dakota politicians are cutting backroom deals to help them do it. Sign the petition demanding your lawmakers Stop the Socialist Land Grab in South Dakota! https://www.stoplandgrab.com/act,A foreign-tied corporation is using your tax dollars to take your neighbor’s family property to install a dangerous pipeline in service of the socialist Green New Deal agenda! And South Dakota politicians are cutting backroom deals to help them do it. Sign the petition demanding your lawmakers Stop the Socialist Land Grab in South Dakota! https://www.stoplandgrab.com/act,A foreign-tied corporation is using your tax dollars to take your neighbor’s family property to install a dangerous pipeline in service of the socialist Green New Deal agenda! And South Dakota politicians are cutting backroom deals to help them do it. Sign the petition demanding your lawmakers Stop the Socialist Land Grab in South Dakota! https://www.stoplandgrab.com/act"
Pro-Energy_50,1,2002673223577969,1.0,"Every year, billions of dollars of taxpayer money subsidize big oil and gas pollution, and then even more of our taxes pay to clean up their mess! We’re tired of letting polluters off the hook — taxes should fund climate and energy solutions instead! Tell the next President to act now and cancel taxpayer subsidies to the oil and gas companies that are polluting our water and air while raking in record profits.,Every year, billions of dollars of taxpayer money subsidize big oil and gas pollution, and then even more of our taxes pay to clean up their mess! We’re tired of letting polluters off the hook — taxes should fund climate and energy solutions instead! Tell the next President to act now and cancel taxpayer subsidies to the oil and gas companies that are polluting our water and air while raking in record profits.,Every year, billions of dollars of taxpayer money subsidize big oil and gas pollution, and then even more of our taxes pay to clean up their mess! We’re tired of letting polluters off the hook — taxes should fund climate and energy solutions instead! Tell the next President to act now and cancel taxpayer subsidies to the oil and gas companies that are polluting our wate …"
Pro-Energy_50,2,1661825607834940,1.0,"@repilhan @sensanders have re-introduced the End Polluter Welfare Act, which would cut $190 billion in tax loopholes and subsidies for oil, gas, and coal special interests – including $20B in brand new tax breaks from Trump’s budget bill. The bill would also prevent the Trump administration from handing hundreds of millions of acres of public lands and waters to the fossil fuel industry. Thanks to these giveaways, fossil fuel companies will have even freer rein to pollute our communities, accelerate deadly climate change & pad the pockets of billionaire CEOs. We should not be funneling billions of our tax dollars into the industries destroying our planet. It’s time to hold polluters accountable."
Pro-Energy_50,3,1234545028011130,1.0,Fossil fuel companies receive hundreds of billions of dollars in subsidies every year while also raking in record-breaking profits. It's time to stop bailing out Big Oil.
Pro-Energy_50,4,1210012950071025,1.0,Sign now if you think it's time to end fossil fuel subsidies & stop taxpayers from footing the bill for Big Oil!
Pro-Energy_50,5,1072366780900193,1.0,Did you know your hard-earned taxpayer dollars are bailing out fossil fuel corporations? 😡
Pro-Energy_51,1,2090691431435505,1.0,"In an ironic twist, drilling has declined under Trump's ""Drill, Baby Drill"" President Trump’s “drill, baby, drill!” agenda is running up against the “wait, baby, wait,” caution of oil executives who are hitting the brakes because of a slumping economy caused by Trump’s tariffs, according to energy industry experts. Despite recent announcements that the Trump Administration will accelerate environmental reviews for energy projects, drilling in the U.S. is down slightly so far under Trump, according to a recent report by the Energy Information Administration. The number of active drilling rigs in the U.S. is down about 4 percent in the first quarter of the year, compared to the first quarter of 2024 under former President Joe Biden. The number of wells drilled and wells completed—meaning oil and gas have begun flowing—are both down 2 percent, according to the report. The price of gasoline at the pump also has risen since Trump took office, averaging about $3.17 per gallon in April compared to $3.07 in January and $3.05 in November, according to federal data. “I’d say it’s a ‘drill baby drill’ boom that is not coming to fruition,” said Anthony Kovscek, professor of energy science and  …"
Pro-Energy_51,2,bafyreid22j2xz2jw47ohseoqhu37qc56oxoeyh4rvau7dj2wraorx3grci,1.0,"I noticed significantly higher gas prices today - around 30 cents. Are we drilling, baby?"
Pro-Energy_51,3,bafyreibbyghg6cqyejy27aa6vsfwrrc3noszoxcxmq7v4un5hqyhdlbzti,1.0,"Yeah, and also, I think people forget that oil companies assess the cost in inputs versus outputs just like any other company does. Tariffs will absolutely have an effect on whether drilling in marginal areas is worthwhile, because it will raise equipment costs."
Pro-Energy_51,4,bafyreihm7g6ybvcn2efbscqzaucpsefajbxpb5f5xgxq42y5ji4mwmm4ti,1.0,"The EIA US crude oil production forecast fell slightly from 13.42 mil b/d to 13.37 mil b/d in 2025, with falling prices expected to reduce drilling activity."
Pro-Energy_51,5,bafyreifz4qeek4cxetvitlqzt7zd2duxqkmoyyfm4vyufeqn3csagtyyeq,1.0,Oil producers need the price of oil to be over $62 a barrel to make money. The current price is about $68 a barrel. You can chant Drill Baby Drill all you want. Nobody is drilling anything if they can't make money at it.
Pro-Energy_54,1,1224652649399599,1.0,"Since returning to office, the Trump administration has launched a full-scale assault on our environment. At NRDC, we knew this moment would come. And thanks to the support of our members, we were ready. Every motion we file. Every protection we defend. Every win we secure — it's thanks to you. This is your support in action: read more about the status of our pending lawsuits that aim to defend $5B in EV funding and stop offshore drilling."
Pro-Energy_54,2,1149404279736674,1.0,"We’re suing. Earthjustice filed the first major environmental lawsuit against the new Trump administration. President Trump is attempting to illegally open up protected public waters to oil drilling. This move threatens the public health of millions of people who live in coastal communities, economic resilience, and vital ecosystems."
Pro-Energy_54,3,612960944758740,1.0,"In 2017,Trump signed an executive order, trying to overturn an existing ban on oil and gas leases in the Arctic and Atlantic oceans. NRDC filed a lawsuit on behalf of a coalition of Indigenous and environmental groups. And the court ruled that the Trump administration’s action was illegal. This was a huge win for our oceans and marine life, which are vital to the health of our planet. We’re prepared to do it again but can’t do it alone. Please make a donation today to help defend our planet. All gifts are 100% tax deductible."
Pro-Energy_54,4,2319476911752371,1.0,"Today, we filed the first environmental lawsuit against the new Trump administration. There will be more to come. Amid a barrage of anti-environment actions on his first day in office, President Trump issued an order to revoke former president Biden’s protection of millions of acres of ocean from future oil and gas drilling. We’re challenging President Trump’s illegal attempt to sell our public waters to the oil and gas industry."
Pro-Energy_54,5,1469493704341451,1.0,"The Trump administration is recklessly stripping environmental protections, even opening up the Atlantic to oil and gas drilling. Our legal team has been fighting tooth and nail to stop the administration in its tracks, but this work is costly. Will you chip in today to our legal defense fund and help ensure we can keep up the fight to the end?"
Pro-Energy_57,1,1067878895327165,1.0,Public lands belong to all of us–not oil and gas companies. But President Trump’s fossil fuel agenda is putting them up for grabs. Wild places need champions. Will you be one of them? Start a monthly donation to protect our public lands…before it’s too late.
Pro-Energy_57,2,652388267505706,1.0,"Our latest report found that as of January 2025, more than 81% of all BLM-administered lands in the Western United States remain open to oil and gas leasing. This means only 19% of those lands are off limits to the oil and gas industry. This new report comes as the Trump administration and their allies in Congress are trying to remove any barriers to oil and gas drilling on public lands. Most concerning is legislation from Sen. Steve Daines (R-MT) that would mandate that all 200 million+ acres of public lands are offered for lease to oil and gas companies on a quarterly basis. Take action: https://oilandgasreformnow.org/take-action/"
Pro-Energy_57,3,652426970689272,1.0,"President Trump’s administration issued several orders detailing a destructive agenda for Alaska and its communities. The orders are aimed at dismantling public land protections and other critical environmental safeguards to increase fossil fuel drilling, logging, mining, roadbuilding and other extractive ventures throughout Alaska. The goal of the Trump administration is to undo as many environmental protections enacted by President Biden and his administration as possible. This includes an attempt to open the Arctic National Wildlife Refuge to oil-and-gas drilling. Drilling in this cherished landscape would be dangerous for the climate, dismissive of Indigenous communities who have fought to protect it, and devastating to wildlife. Earthjustice will continue to work with clients and partners to protect Alaska’s public lands and hasten the clean energy transition to build a vibrant and thriving state."
Pro-Energy_57,4,1582320942491514,1.0,"Last week, President-elect Donald Trump announced North Dakota Governor Doug Burgum to lead the Department of the Interior. With strong ties to the fossil fuel industry, how can Burgum be entrusted to protect federal lands and natural resources when he'll be expected to lead the administration's plans to expand oil and gas drilling on public lands? With more than 200 lawyers, Earthjustice stands ready to go to court and protect our wildlands and water from extractive industries and safeguard the interests of Tribal communities. Read about the ramifications of this decision."
Pro-Energy_57,5,1425268595354249,1.0,"BREAKING NEWS: Under the influence of Trump’s energy dominance agenda, the budget bill has opened 200+ million acres of public lands to oil and gas drilling. We will not sit by while our nation’s precious wildlands are gutted. Donate today to help us FIGHT BACK and defend the public lands and waters that communities and wildlife depend on!"
Pro-Energy_58,1,2308370322920214,1.0,"America’s Arctic is not for sale. 13 million acres of Arctic wilderness in Alaska is at risk of being opened for oil and gas drilling. Repealing this regulation will harm wildlife, local communities, and the global climate just to increase profits for the multibillion dollar fossil fuel industry. Tell Trump’s Department of Interior NO to this harmful repeal by writing a public comment by August 4th. Credit @eco_og #StopTheArcticSellOff"
Pro-Energy_58,2,3084081398411117,1.0,✍️ SIGN NOW: The Arctic is warming 4x faster than anywhere else on Earth – and the Trump administration just gave fossil fuel companies the green light to drill across its fragile wilderness. What will we tell future generations if we let oil companies destroy this ancient natural treasure where polar bears roam and caribou have migrated for millennia? It’s up to us to speak up and defend the Arctic Refuge. Take action now >>
Pro-Energy_58,3,390434614103595,1.0,"🚨Take action by September 16 to defend polar bears, caribou, birds, and public lands by telling our leaders that we want to #ProtectTheArctic. Urge the Bureau of Land Management to stand up to Big Oil and Gas and deliver the strongest possible protections for the Western Arctic."
Pro-Energy_58,4,1608754460037338,1.0,⏰ 10X Match Offer Ends December 31: 23 million acres of fragile wildlife habitat in the Arctic is at risk. Help keep the oil and gas industry off of vital public lands. Donate to The Wilderness Society now ➡️
Pro-Energy_58,5,385243387754290,1.0,"The Western Arctic has some of the most pristine wildlands in the U.S., where several species—spanning from beluga whales to caribou to even polar bears—rely on the rich resources from this area for their survival. It’s a vast ecological treasure that’s also home to dozens of Indigenous communities. In a recent victory, the Biden administration put 10 million acres off-limits to oil and gas leasing across the Western Arctic. However, the work does not stop there. The administration will be accepting public comments on a new plan—one that will aim to protect even more Arctic lands from the exploitative and dangerous practices of the oil industry. Help protect the Arctic: https://action.nrdc.org/letter/3235-special-areas-061624?initms=FBONASAPPETC30624&ms=FBONASAPPETC30624&utm_medium=social&utm_source=facebook&utm_campaign=federal PHOTOS: 1. Beluga whale - Steven J. Kazlowski/Alamy 2. Colville River - Joel Sartore/Alamy 3. Teshekpuk caribou - Bob Wick/Bureau of Land Management 4. Teshekpuk Lake - Paul Andrew Lawrence 5. Semipalmated plover - Mark Newman/Getty Images 6. Polar bear - Cheryl Strahl Photography, CC BY-NC 4.0"
Pro-Energy_8,1,497406949763139,1.0,We simply cannot allow Comrade Kamala ever to be President she is utterly despicable and dangerous. Choose Liberty Vote @[100064381164299:2048:Donald Trump For President]
Pro-Energy_8,2,1878934872592405,1.0,"Kamala Harris is Weak, Failed, and Dangerously Liberal Not only does Kamala Harris own the weakness, failure, and chaos of the Harris-Biden administration, but she is so radical that she makes “the Squad” look like moderates. She wants to abolish our borders, let criminals control our streets, surrender our communities to cartels and a plague of fentanyl, wage war on American energy, and destroy the American Dream. Learn more about her radical policies https://kamala2024policies.com/"
Pro-Energy_8,3,1627921801152792,1.0,"Kamala Harris’ extreme agenda will hurt Pennsylvania, costing us jobs and forever changing our way of life."
Pro-Energy_8,4,3415867272054414,1.0,"🚨 Sherrod Brown backs Kamala Harris, a California Liberal pushing a far-left agenda. Help deliver a landslide victory for America – lock in your vote for Bernie Moreno TODAY! >> SkipTheLineOH.Vote"
Pro-Energy_8,5,1069673078087444,1.0,"Kamala Harris, how can you be an ally of Israel but not its leader, prime minister Netanyahu ? If you support the state of Israel & its people, you should also support their democratically elected Prime Minister elected by “the people” ! How can you be so hypocritical & foolish ? There is not one domestic or foreign policy matter that you don’t get wrong ! You’re a charlatan that changes positions depending on polls & your personal gain. You’re not for fracking , but then you are for fracking. You’re for price controls, then you’re not. You’re not for the wall on the border but then you are. You’re for law & order yet You’re for defunding the police but then you’re not ! You’re for tax increases then you’re not ! You’re for Israel but not for Netanyahu ! You’re for arming Ukraine to fight Russia but not to win the war. You’re for punishing the Islamic Republic of Iran but not for removing its terrorist leadership & freeing the Iranian people & the world including Israel & the U. S. from its threat & terror! You’re for letting criminals out without bail but you’re now for law & order ! You’re for getting elected as President & fixing things on day one, but you’ve been in charge with …"
